7.9_raw.csv_filtered_by_correlation15_SNR20_all_replacement_strategy_1,2022-11-26 23:05:48.265029
7.9_raw.csv_filtered_by_correlation15_SNR20_individual_replacement_strategy_1,2022-11-26 23:05:48.314918
7.6_raw.csv_filtered_by_correlation15_SNR20_all_replacement_strategy_1,2022-11-26 23:05:48.384736
7.6_raw.csv_filtered_by_correlation15_SNR20_individual_replacement_strategy_1,2022-11-26 23:05:48.446432
7.2_raw.csv_filtered_by_correlation15_SNR20_all_replacement_strategy_1,2022-11-26 23:05:48.520265
7.2_raw.csv_filtered_by_correlation15_SNR20_individual_replacement_strategy_1,2022-11-26 23:05:48.572108
Complete Duration,0:00:59.175967
7.9_raw.csv_filtered_by_correlation20_SNR20_all_replacement_strategy_5,2022-11-27 14:29:34.762368
7.9_raw.csv_filtered_by_correlation20_SNR20_individual_replacement_strategy_5,2022-11-27 14:29:34.838645
7.6_raw.csv_filtered_by_correlation20_SNR20_all_replacement_strategy_5,2022-11-27 14:29:34.913290
7.6_raw.csv_filtered_by_correlation20_SNR20_individual_replacement_strategy_5,2022-11-27 14:29:35.007024
7.2_raw.csv_filtered_by_correlation20_SNR20_all_replacement_strategy_5,2022-11-27 14:29:35.096896
7.2_raw.csv_filtered_by_correlation20_SNR20_individual_replacement_strategy_5,2022-11-27 14:29:35.175027
Complete Duration,0:01:43.795290
Complete Duration,0:00:00.099327
